1,October
2,October
3,October
4,October
5,October
6,October
7,October
8,October
9,October
10,October
11,October
12,October
13,October
14,October
15,October
16,October
17,October
18,October
19,October
20,October
21,October
22,October
23,October
24,October
25,October
26,October
27,October
28,October
29,October
30,October
31,October
32,November
33,November
34,November
35,November
36,November
37,November
38,November
39,November
40,November
41,November
42,November
43,November
44,November
45,November
46,November
47,November
48,November
49,November
50,November
51,November
52,November
53,November
54,November
55,November
56,November
57,November
58,November
59,November
60,November
61,November
62,December
63,December
64,December
65,December
66,December
67,December
68,December
69,December
70,December
71,December
72,December
73,December
74,December
75,December
76,December
77,December
78,December
79,December
80,December
81,December
82,December
83,December
84,December
85,December
86,December
87,December
88,December
89,December
90,December
91,December
92,December
93,January
94,January
95,January
96,January
97,January
98,January
99,January
100,January
101,January
102,January
103,January
104,January
105,January
106,January
107,January
108,January
109,January
110,January
111,January
112,January
113,January
114,January
115,January
116,January
117,January
118,January
119,January
120,January
121,January
122,January
123,January
124,February
125,February
126,February
127,February
128,February
129,February
130,February
131,February
132,February
133,February
134,February
135,February
136,February
137,February
138,February
139,February
140,February
141,February
142,February
143,February
144,February
145,February
146,February
147,February
148,February
149,February
150,February
151,February
152,March
153,March
154,March
155,March
156,March
157,March
158,March
159,March
160,March
161,March
162,March
163,March
164,March
165,March
166,March
167,March
168,March
169,March
170,March
171,March
172,March
173,March
174,March
175,March
176,March
177,March
178,March
179,March
180,March
181,March
182,March
183,April
184,April
185,April
186,April
187,April
188,April
189,April
190,April
191,April
192,April
193,April
194,April
195,April
196,April
197,April
198,April
199,April
200,April
201,April
202,April
203,April
204,April
205,April
206,April
207,April
208,April
209,April
210,April
211,April
212,April
213,May
214,May
215,May
216,May
217,May
218,May
219,May
220,May
221,May
222,May
223,May
224,May
225,May
226,May
227,May
228,May
229,May
230,May
231,May
232,May
233,May
234,May
235,May
236,May
237,May
238,May
239,May
240,May
241,May
242,May
243,May
244,June
245,June
246,June
247,June
248,June
249,June
250,June
251,June
252,June
253,June
254,June
255,June
256,June
257,June
258,June
259,June
260,June
261,June
262,June
263,June
264,June
265,June
266,June
267,June
268,June
269,June
270,June
271,June
272,June
273,June
274,July
275,July
276,July
277,July
278,July
279,July
280,July
281,July
282,July
283,July
284,July
285,July
286,July
287,July
288,July
289,July
290,July
291,July
292,July
293,July
294,July
295,July
296,July
297,July
298,July
299,July
300,July
301,July
302,July
303,July
304,July
305,August
306,August
307,August
308,August
309,August
310,August
311,August
312,August
313,August
314,August
315,August
316,August
317,August
318,August
319,August
320,August
321,August
322,August
323,August
324,August
325,August
326,August
327,August
328,August
329,August
330,August
331,August
332,August
333,August
334,August
335,August
336,September
337,September
338,September
339,September
340,September
341,September
342,September
343,September
344,September
345,September
346,September
347,September
348,September
349,September
350,September
351,September
352,September
353,September
354,September
355,September
356,September
357,September
358,September
359,September
360,September
361,September
362,September
363,September
364,September
365,September
